Client Name,Client Code/ID,Id,Industry,Street Address,City,State,Zip,Country,Main Phone,Main Fax,Client Notes,Primary Contact First Name,Primary Contact Last Name,Primary Contact Email,Billing Contact First Name,Billing Contact Last Name,Billing Contact Email,Other Contact First Name,Other contact Last Name,Other Contact Email Address
Andeavor     ,0001,2973765,Healthcare,,,,,,,,,,,,,,,,,
Ascension     ,0002,2973766,Corporate,,,,,,,,,,,,,,,,,
AT Kearney    ,0003,2973767,Healthcare,,,,,,,,,,,,,,,,,
Atrium Health    ,0004,2973768,Healthcare,,,,,,,,,,,,,,,,,
Aurora     ,0005,2973769,Healthcare,,,,,,,,,,,,,,,,,
Baker Hughes a GE company ,0006,2973770,Corporate,,,,,,,,,,,,,,,,,
Bon Secours Mercy Health  ,0007,2973771,Internal - operations,,,,,,,,,,,,,,,,,
BrandActive     ,0008,2973772,Internal - people,,,,,,,,,,,,,,,,,
Brigham & Women�s Hospital  ,0009,2973773,Healthcare,,,,,,,,,,,,,,,,,
Cabot Microelectronics    ,0010,2973774,Corporate,,,,,,,,,,,,,,,,,
Canada Post Corporation   ,0011,2973775,Corporate,,,,,,,,,,,,,,,,,
Caterpillar     ,0012,2973776,Healthcare,,,,,,,,,,,,,,,,,
Central Maine Healthcare   ,0013,2973777,Healthcare,,,,,,,,,,,,,,,,,
Centric Brands    ,0014,2973778,NULL,,,,,,,,,,,,,,,,,
Centura Health    ,0015,2973779,Healthcare,,,,,,,,,,,,,,,,,
Children's National    ,0016,2973780,Healthcare,,,,,,,,,,,,,,,,,
CitizenM     ,0017,2973781,Corporate,,,,,,,,,,,,,,,,,
Comcast Spotlight    ,0018,2973782,Corporate,,,,,,,,,,,,,,,,,
Community Medical Centers   ,0019,2973783,Healthcare,,,,,,,,,,,,,,,,,
Covetrus     ,0020,2973784,Corporate,,,,,,,,,,,,,,,,,
Dana Farber    ,0021,2973785,Healthcare,,,,,,,,,,,,,,,,,
DXC Technology    ,0022,2973786,Healthcare,,,,,,,,,,,,,,,,,
El Camino Hospital   ,0023,2973787,Healthcare,,,,,,,,,,,,,,,,,
Enbridge     ,0024,2973788,M&A,,,,,,,,,,,,,,,,,
Encompass Health    ,0025,2973789,Healthcare,,,,,,,,,,,,,,,,,
Fortis Inc    ,0026,2973790,Healthcare,,,,,,,,,,,,,,,,,
Frederick Memorial Hospital   ,0027,2973791,NULL,,,,,,,,,,,,,,,,,
Garnet Health    ,0028,2973792,Healthcare,,,,,,,,,,,,,,,,,
Great-West Life    ,0029,2973793,M&A,,,,,,,,,,,,,,,,,
GTAA and Pearson   ,0030,2973794,Corporate,,,,,,,,,,,,,,,,,
Guardian Insurance    ,0031,2973795,Corporate,,,,,,,,,,,,,,,,,
Hackensack Meridian Health   ,0032,2973796,Healthcare,,,,,,,,,,,,,,,,,
Here Technologies    ,0033,2973797,Corporate,,,,,,,,,,,,,,,,,
Hill-Rom     ,0034,2973798,Corporate,,,,,,,,,,,,,,,,,
Houston Methodist    ,0035,2973799,Healthcare,,,,,,,,,,,,,,,,,
HP     ,0036,2973800,Healthcare,,,,,,,,,,,,,,,,,
Huntington Memorial Hospital   ,0037,2973801,Corporate,,,,,,,,,,,,,,,,,
Ingersoll-Rand     ,0038,2973802,M&A,,,,,,,,,,,,,,,,,
IQVIA     ,0039,2973803,M&A,,,,,,,,,,,,,,,,,
KCP&L     ,0040,2973804,M&A,,,,,,,,,,,,,,,,,
Key Surgical    ,0041,2973805,Healthcare,,,,,,,,,,,,,,,,,
Massachusetts General Hospital   ,0042,2973806,Healthcare,,,,,,,,,,,,,,,,,
MedStar Health    ,0043,2973807,Healthcare,,,,,,,,,,,,,,,,,
Memorial Health System   ,0044,2973808,Healthcare,,,,,,,,,,,,,,,,,
Merck     ,0045,2973809,M&A,,,,,,,,,,,,,,,,,
Mercy Health    ,0046,2973810,Corporate,,,,,,,,,,,,,,,,,
Montreal Airports    ,0047,2973811,Corporate,,,,,,,,,,,,,,,,,
Navicent     ,0048,2973812,Healthcare,,,,,,,,,,,,,,,,,
Neighborhood Health Plan   ,0049,2973813,Healthcare,,,,,,,,,,,,,,,,,
Novant Health    ,0050,2973814,NULL,,,,,,,,,,,,,,,,,
Ochsner Health    ,0051,2973815,Healthcare,,,,,,,,,,,,,,,,,
Office Depot    ,0052,2973816,Healthcare,,,,,,,,,,,,,,,,,
Oregon Health & Science University ,0053,2973817,Healthcare,,,,,,,,,,,,,,,,,
Our Lady of the Lake Healthcare,0054,2973818,Healthcare,,,,,,,,,,,,,,,,,
Plantronics     ,0055,2973819,M&A,,,,,,,,,,,,,,,,,
Polaris     ,0056,2973820,Corporate,,,,,,,,,,,,,,,,,
RBC     ,0057,2973821,Corporate,,,,,,,,,,,,,,,,,
RGP     ,0058,2973822,Healthcare,,,,,,,,,,,,,,,,,
Salinas Valley Memorial Healthcare System ,0059,2973823,Healthcare,,,,,,,,,,,,,,,,,
Shawnee Mission Health   ,0060,2973824,Healthcare,,,,,,,,,,,,,,,,,
Southcoast Health    ,0061,2973825,Healthcare,,,,,,,,,,,,,,,,,
Trinity Health    ,0062,2973826,Healthcare,,,,,,,,,,,,,,,,,
Underwriters Laboratories    ,0063,2973827,Healthcare,,,,,,,,,,,,,,,,,
University of Kansas   ,0064,2973828,Healthcare,,,,,,,,,,,,,,,,,
University of Vermont Health Network ,0065,2973829,Healthcare,,,,,,,,,,,,,,,,,
UVA Health    ,0066,2973830,Healthcare,,,,,,,,,,,,,,,,,
UVMHN     ,0067,2973831,Healthcare,,,,,,,,,,,,,,,,,
Varian Medical systems   ,0068,2973832,Corporate,,,,,,,,,,,,,,,,,
Verizon     ,0069,2973833,Corporate,,,,,,,,,,,,,,,,,
Vertiv     ,0070,2973834,M&A,,,,,,,,,,,,,,,,,
WCHN and Health Quest  ,0071,2973835,Healthcare,,,,,,,,,,,,,,,,,
